date,A2C Agent 1,A2C Agent 2,SAC Agent 1,SAC Agent 2,Mean Var,djia
2025-01-30 14:30:00+00:00,1000000.0,1000000.0,1000000.0,1000000.0,901958.6294233119,1000000.0
2025-01-30 15:30:00+00:00,1000000.0,1000000.0,1000000.0,1000000.0,901958.6294233119,1000904.083922869
2025-01-30 16:30:00+00:00,1000000.0,1000000.0,1000000.0,1000000.0,901958.6294233119,1000633.6792122059
2025-01-30 17:30:00+00:00,1000000.0,1000000.0,1000000.0,1000000.0,901958.6294233119,1003767.7728034833
2025-01-30 18:30:00+00:00,1000000.0,1000000.0,1000000.0,1000000.0,901958.6294233119,1004462.8996968728
2025-01-30 19:30:00+00:00,1000000.0,1000000.0,1000000.0,1000000.0,901958.6294233119,1004927.8596367377
2025-01-30 20:30:00+00:00,1000175.5632314453,1000175.5632314453,1000685.7938728333,1000685.7938728333,912884.6158778609,1002817.4285524507
2025-01-31 14:30:00+00:00,1000486.2290478515,1000486.2290478515,1001899.3322181702,1001899.3322181702,922210.0074593319,1004258.6559838476
2025-01-31 15:30:00+00:00,1000686.6543886719,1000686.6543886719,1002682.2437057495,1002682.2437057495,926331.9323528142,1002721.3292669632
2025-01-31 16:30:00+00:00,999933.1491386718,999933.1491386718,999738.863822937,999738.863822937,915807.9067580166,1004074.7493584872
2025-01-31 17:30:00+00:00,999187.5098496093,999187.5098496093,996826.2103500366,996826.2103500366,907476.4050815348,999651.912851477
2025-01-31 18:30:00+00:00,998280.7391367187,998280.7391367187,993284.1372528076,993284.1372528076,898998.7611643249,997727.1340653113
2025-01-31 19:30:00+00:00,995666.5036220702,995666.5036220702,983072.2797737122,983072.2797737122,877803.8428774086,995136.4684045013
2025-01-31 20:30:00+00:00,995538.5904921874,995538.5904921874,982572.6191101074,982572.6191101074,877000.6460144987,995290.6985929266
2025-02-03 14:30:00+00:00,990638.7529531249,990638.7529531249,963432.6287231445,963432.6287231445,846013.3054676157,990549.5386579669
2025-02-03 15:30:00+00:00,991618.4962197265,991618.4962197265,967259.7508583069,967259.7508583069,851691.8877730186,993188.2976033397
2025-02-03 16:30:00+00:00,990692.5990146484,990692.5990146484,963642.9649009705,963642.9649009705,846963.3694278462,992999.8522288009
2025-02-03 17:30:00+00:00,990754.4174384765,990754.4174384765,963884.4431190491,963884.4431190491,847328.0838103726,993107.8220890623
2025-02-03 18:30:00+00:00,993576.5224433593,993576.5224433593,974908.2907943726,974908.2907943726,859788.034089671,995279.5262872569
2025-02-03 19:30:00+00:00,993248.0498466796,993248.0498466796,973625.1947135925,973625.1947135925,858509.8331257455,993440.1108990991
2025-02-03 20:30:00+00:00,991678.0088164061,991678.0088164061,967492.2219390869,967492.2219390869,852590.8214643642,992672.8004370467
2025-02-04 14:30:00+00:00,998360.0294609374,998360.0294609374,993593.8650817871,993593.8650817871,876489.0645346516,992662.9373859476
2025-02-04 15:30:00+00:00,998736.3590849608,998736.3590849608,995050.9274897766,995050.9274897766,877804.5677340012,995073.8860360231
2025-02-04 16:30:00+00:00,993606.1021923827,993606.1021923827,976660.437377472,976660.437377472,861580.0468614211,992688.1623573425
2025-02-04 17:30:00+00:00,996509.6646162109,996509.6646162109,986602.0969233704,986602.0969233704,870350.8116330785,994286.6749044964
2025-02-04 18:30:00+00:00,997057.3507705077,997057.3507705077,988423.702209015,988423.702209015,871957.8744572916,995746.493750797
2025-02-04 19:30:00+00:00,994770.7158095702,994770.7158095702,981423.7120967102,981423.7120967102,865782.3193202942,994720.9110037697
2025-02-04 20:30:00+00:00,995361.0034619139,995361.0034619139,983204.8049617005,983204.8049617005,867353.6411386671,995478.7948329133
2025-02-05 14:30:00+00:00,1006032.5243359373,1006032.5243359373,1013275.702209015,1013275.702209015,893882.890607654,995613.7353373307
2025-02-05 15:30:00+00:00,1008830.8217812497,1008830.8217812497,1020863.8492427062,1020863.8492427062,900577.3315486248,996689.4188925959
2025-02-05 16:30:00+00:00,1011403.8672128904,1011403.8672128904,1027565.6527705383,1027565.6527705383,906489.8195006719,998102.0172907141
2025-02-05 17:30:00+00:00,1008741.8813574216,1008741.8813574216,1020979.0031123352,1020979.0031123352,900678.9229880016,998952.2472089092
2025-02-05 18:30:00+00:00,1009020.2062597654,1009020.2062597654,1021683.9571528627,1021683.9571528627,901300.8499445374,1001406.4012598172
2025-02-05 19:30:00+00:00,1013000.600347656,1013000.600347656,1030920.6626582335,1030920.6626582335,909449.6877596588,1002183.3129220546
2025-02-05 20:30:00+00:00,1014896.3497617184,1014896.3497617184,1035186.9176020812,1035186.9176020812,913213.4777381484,1002668.4353823081
2025-02-06 14:30:00+00:00,1019744.105521484,1019744.105521484,1045679.4449458312,1045679.4449458312,922470.2309761107,1001015.370561376
2025-02-06 15:30:00+00:00,1022261.1093124999,1022261.1093124999,1050967.9274897766,1050967.9274897766,927135.8540723168,1000597.9802042455
2025-02-06 16:30:00+00:00,1025830.0899824217,1025830.0899824217,1058218.8923640442,1058218.8923640442,933532.8250192839,999681.1528702221
2025-02-06 17:30:00+00:00,1027396.4830283201,1027396.4830283201,1061322.9274897766,1061322.9274897766,936271.2774683011,999104.9062918498
2025-02-06 18:30:00+00:00,1025573.137682617,1025573.137682617,1057883.4166560364,1057883.4166560364,933236.860496665,997712.819548672
2025-02-06 19:30:00+00:00,1027484.0827871092,1027484.0827871092,1061447.1824336243,1061447.1824336243,936380.898088397,998480.8282798289
2025-02-06 20:30:00+00:00,1030048.1515371092,1030048.1515371092,1066086.202209015,1066086.202209015,940473.5499271742,999785.0203994955
2025-02-07 14:30:00+00:00,1032044.4943105467,1032044.4943105467,1069606.9274897766,1069606.9274897766,943579.6161850886,997464.1484638822
2025-02-07 15:30:00+00:00,1030033.7104179686,1030033.7104179686,1066210.4571528626,1066210.4571528626,940583.1705472701,993333.7121443225
2025-02-07 16:30:00+00:00,1027695.9750996092,1027695.9750996092,1062358.4274897766,1062358.4274897766,937184.8198078997,992872.9418190836
2025-02-07 17:30:00+00:00,1032901.982894531,1032901.982894531,1070808.142882843,1070808.142882843,944639.3565236145,993406.1575638998
2025-02-07 18:30:00+00:00,1026981.4382539061,1026981.4382539061,1061488.642882843,1061488.642882843,936417.4754672286,990306.4537260119
2025-02-07 19:30:00+00:00,1031365.275894531,1031365.275894531,1068269.0695796204,1068269.0695796204,942399.326619377,989725.9302493755
2025-02-07 20:30:00+00:00,1036365.6611113279,1036365.6611113279,1075819.9274897766,1075819.9274897766,949060.8702226792,989937.156653444
2025-02-10 14:30:00+00:00,1061974.65621875,1061974.65621875,1113512.1527705383,1113512.1527705383,982313.8336873421,993133.0470604573
2025-02-10 15:30:00+00:00,1056571.8658007812,1056571.8658007812,1105766.6329951477,1105766.6329951477,975480.5548297697,991429.9687149256
2025-02-10 16:30:00+00:00,1059816.7380312497,1059816.7380312497,1110355.976073761,1110355.976073761,979529.3807237883,990888.8101590474
2025-02-10 17:30:00+00:00,1061610.367474609,1061610.367474609,1112849.4176020813,1112849.4176020813,981729.1532080312,992656.4783967322
2025-02-10 18:30:00+00:00,1062729.7982343747,1062729.7982343747,1114381.937377472,1114381.937377472,983081.1780280131,993822.1513828216
2025-02-10 19:30:00+00:00,1062739.568595703,1062739.568595703,1114417.5832514954,1114417.5832514954,983112.6256524964,992889.9621285023
2025-02-10 20:30:00+00:00,1056262.7798124999,1056262.7798124999,1106056.4769282532,1106056.4769282532,975736.261932394,993726.7503664385
2025-02-11 14:30:00+00:00,1059085.4542050778,1059085.4542050778,1109660.1231074524,1109660.1231074524,978915.4829479717,992199.2867006531
2025-02-11 15:30:00+00:00,1059233.9576816405,1059233.9576816405,1109866.2877192688,1109866.2877192688,979097.3661945397,994099.8879190804
2025-02-11 16:30:00+00:00,1050669.731410156,1050669.731410156,1099429.3780513,1099429.3780513,969889.6801720832,994532.2910619547
2025-02-11 17:30:00+00:00,1051498.0765605466,1051498.0765605466,1100442.504577179,1100442.504577179,970783.4841090804,994049.8743944807
2025-02-11 18:30:00+00:00,1052908.0662128904,1052908.0662128904,1102121.6527705383,1102121.6527705383,972264.8679517594,994901.4135672465
2025-02-11 19:30:00+00:00,1055875.7721074217,1055875.7721074217,1105571.0863032532,1105571.0863032532,975308.0389607073,996798.2615892378
2025-02-11 20:30:00+00:00,1051616.75478125,1051616.75478125,1100754.7219844055,1100754.7219844055,971058.929614306,996473.828306625
2025-02-12 14:30:00+00:00,1040094.1107031249,1040094.1107031249,1087916.2663569641,1087916.2663569641,959732.5435295899,988568.2873579863
2025-02-12 15:30:00+00:00,1034788.6200761717,1034788.6200761717,1082114.963561554,1082114.963561554,954614.4984031409,986958.7770724387
2025-02-12 16:30:00+00:00,1042107.0179160155,1042107.0179160155,1090026.9571528626,1090026.9571528626,961594.6443580341,992857.3180478734
2025-02-12 17:30:00+00:00,1037396.669010681,1037396.669010681,1085056.6329951477,1085056.6329951477,957209.7080378009,991894.9286547906
2025-02-12 18:30:00+00:00,1035125.4965588988,1035125.4965588988,1082694.7778315735,1082694.7778315735,955126.0241247886,991232.6204093061
2025-02-12 19:30:00+00:00,1041739.4748303832,1041739.4748303832,1089612.7318721008,1089612.7318721008,961229.205118915,990409.4484189049
2025-02-12 20:30:00+00:00,1038214.2917249145,1038214.2917249145,1085925.5327754212,1085925.5327754212,957976.2717636798,991253.2193478846
2025-02-13 14:30:00+00:00,1065697.5473401488,1065697.5473401488,1114671.907714386,1114671.907714386,983336.9966470364,993577.931763572
2025-02-13 15:30:00+00:00,1074924.2941663207,1074924.2941663207,1124322.7120967102,1124322.7120967102,991851.1621848784,993932.3033340343
2025-02-13 16:30:00+00:00,1069340.6796643676,1069340.6796643676,1118482.4769282532,1118482.4769282532,986698.7700075753,994622.3677764169
2025-02-13 17:30:00+00:00,1065499.4748303832,1065499.4748303832,1114464.7318721008,1114464.7318721008,983154.2212692774,994140.1256762191
2025-02-13 18:30:00+00:00,1070214.3014905395,1070214.3014905395,1119396.2500605774,1119396.2500605774,987504.9220550554,998922.570771974
2025-02-13 19:30:00+00:00,1072123.0002210082,1072123.0002210082,1121392.671813507,1121392.671813507,989266.2120589149,1000117.1346422562
2025-02-13 20:30:00+00:00,1071241.523170227,1071241.523170227,1120470.6824336243,1120470.6824336243,988452.8114455079,999070.2546875459
2025-02-14 14:30:00+00:00,1093022.3691174926,1093022.3691174926,1143252.5672602844,1143252.5672602844,1008551.5235314656,997185.8882257951
2025-02-14 15:30:00+00:00,1081775.13767218,1081775.13767218,1131488.4176020813,1131488.4176020813,998172.9153208031,996946.3819229999
2025-02-14 16:30:00+00:00,1083043.0917737426,1083043.0917737426,1132814.646361847,1132814.646361847,999342.9453778181,996268.0134881152
2025-02-14 17:30:00+00:00,1087775.3207776488,1087775.3207776488,1137764.366698761,1137764.366698761,1003709.7045250343,996714.6438639908
2025-02-14 18:30:00+00:00,1091595.9811780395,1091595.9811780395,1141760.6231074524,1141760.6231074524,1007235.2954755232,996475.1375611956
2025-02-14 19:30:00+00:00,1095913.0917737426,1095913.0917737426,1146276.146361847,1146276.146361847,1011218.9957925978,994873.220952158
2025-02-14 20:30:00+00:00,1099832.7280042113,1099832.7280042113,1150375.9274897766,1150375.9274897766,1014835.9186737667,995178.9755362292
2025-02-18 14:30:00+00:00,1114088.7521741332,1114088.7521741332,1165287.1527705383,1165287.1527705383,1027990.9506672639,993493.2666346686
2025-02-18 15:30:00+00:00,1118325.9811780395,1118325.9811780395,1169719.1231074524,1169719.1231074524,1031900.938644681,993330.5699333528
2025-02-18 16:30:00+00:00,1108584.2941663207,1108584.2941663207,1159529.7120967102,1159529.7120967102,1022911.6017312251,993825.7300119813
2025-02-18 17:30:00+00:00,1110060.5929944457,1110060.5929944457,1161073.8610224915,1161073.8610224915,1024273.8860599037,993771.0031709273
2025-02-18 18:30:00+00:00,1105495.499000305,1105495.499000305,1156298.9571528626,1156298.9571528626,1020061.354092334,991131.8950910025
2025-02-18 19:30:00+00:00,1105296.7013928832,1105296.7013928832,1156091.0228877258,1156091.0228877258,1019877.9096161817,993068.8935864943
2025-02-18 20:30:00+00:00,1104188.7521741332,1104188.7521741332,1154932.1527705383,1154932.1527705383,1018855.5272712796,995544.082994171
2025-02-19 14:30:00+00:00,1103555.13767218,1103555.13767218,1154269.4176020813,1154269.4176020813,1018270.8467919687,992345.3995107403
2025-02-19 15:30:00+00:00,1108452.0846936645,1108452.0846936645,1159391.4263301087,1159391.4263301087,1022789.6027908539,992776.6679663201
2025-02-19 16:30:00+00:00,1107396.3425061645,1107396.3425061645,1158287.1626582337,1158287.1626582337,1021815.3955302666,991718.1792877498
2025-02-19 17:30:00+00:00,1113929.472388977,1113929.472388977,1165120.5525508118,1165120.5525508118,1027843.9720535444,992083.1121784154
2025-02-19 18:30:00+00:00,1112386.7062756957,1112386.7062756957,1163506.881530304,1163506.881530304,1026420.3537054836,995727.7277686174
2025-02-19 19:30:00+00:00,1103471.1471936645,1103471.1471936645,1154181.5669551087,1154181.5669551087,1018193.3428947494,995654.8459308499
2025-02-19 20:30:00+00:00,1102842.3666760863,1102842.3666760863,1153523.8879389954,1153523.8879389954,1017613.1230713936,997011.6700842575
2025-02-20 14:30:00+00:00,1097936.718482727,1097936.718482727,1148392.7781367493,1148392.7781367493,1013086.3378917892,987282.3375186711
2025-02-20 15:30:00+00:00,1095397.5473401488,1095397.5473401488,1145736.907714386,1145736.907714386,1010743.2668349895,984294.6185883948
2025-02-20 16:30:00+00:00,1105535.13767218,1105535.13767218,1156340.4176020813,1156340.4176020813,1020097.9314711656,984405.0323905217
2025-02-20 17:30:00+00:00,1104822.3666760863,1104822.3666760863,1155594.8879389954,1155594.8879389954,1019440.2077505904,982440.5395490456
2025-02-20 18:30:00+00:00,1107316.3400647582,1107316.3400647582,1158203.4833369446,1158203.4833369446,1021741.5716742101,984579.5123829733
2025-02-20 19:30:00+00:00,1108069.4748303832,1108069.4748303832,1158991.2318721008,1158991.2318721008,1022436.5418720101,986200.4568251048
2025-02-20 20:30:00+00:00,1109811.884498352,1109811.884498352,1160813.7219844055,1160813.7219844055,1024044.3853110153,987211.2886373026
2025-02-21 14:30:00+00:00,1102763.0893323363,1102763.0893323363,1153440.9670405579,1153440.9670405579,1017539.9683137304,978736.6583686112
2025-02-21 15:30:00+00:00,1102519.2148206176,1102519.2148206176,1153185.8841548157,1153185.8841548157,1017314.9282207971,978718.765222812
2025-02-21 16:30:00+00:00,1100871.0678479613,1100871.0678479613,1151461.9890132141,1151461.9890132141,1015794.0675729158,976891.2204094284
2025-02-21 17:30:00+00:00,1086447.9086682738,1086447.9086682738,1136375.9472651673,1136375.9472651673,1002484.808399772,971837.4977666299
2025-02-21 18:30:00+00:00,1072403.3713147582,1072403.3713147582,1121685.9286494446,1121685.9286494446,989524.9301043091,969067.9006478279
2025-02-21 19:30:00+00:00,1070053.5715100707,1070053.5715100707,1119228.1329951477,1119228.1329951477,987356.6052445493,971064.4265844665
2025-02-21 20:30:00+00:00,1063479.9570081176,1063479.9570081176,1112352.3978266907,1112352.3978266907,981290.6707276478,970453.0919836
2025-02-24 14:30:00+00:00,1052867.0651624145,1052867.0651624145,1101251.7417597962,1101251.7417597962,971497.4120946894,971277.573228572
2025-02-24 15:30:00+00:00,1061658.2699963988,1061658.2699963988,1110446.9868159485,1110446.9868159485,979609.6725309795,973757.8250872553
2025-02-24 16:30:00+00:00,1066093.5715100707,1066093.5715100707,1115086.1329951477,1115086.1329951477,983702.4358861556,974636.6840387292
2025-02-24 17:30:00+00:00,1066251.884498352,1066251.884498352,1115251.7219844055,1115251.7219844055,983848.5223686841,975392.2984932837
2025-02-24 18:30:00+00:00,1051203.9328381957,1051203.9328381957,1099512.172545929,1099512.172545929,969962.7234133474,974728.6809932285
2025-02-24 19:30:00+00:00,1050015.9811780395,1050015.9811780395,1098269.6231074524,1098269.6231074524,968866.5172123889,973224.4347751631
2025-02-24 20:30:00+00:00,1030453.5715100707,1030453.5715100707,1077808.1329951477,1077808.1329951477,950814.9116606119,971279.406184971
2025-02-25 14:30:00+00:00,992754.2941663207,992754.2941663207,1038376.2120967102,1038376.2120967102,916027.1479982082,967819.3082055959
2025-02-25 15:30:00+00:00,999486.3425061643,999486.3425061643,1045417.6626582335,1045417.6626582335,922239.2805140369,969918.3924169373
2025-02-25 16:30:00+00:00,1017979.4748303832,1017979.4748303832,1064760.7318721008,1064760.7318721008,939304.1889685525,971589.5249509445
2025-02-25 17:30:00+00:00,1016751.884498352,1016751.884498352,1063476.7219844055,1063476.7219844055,938171.4053887624,972182.9664060115
2025-02-25 18:30:00+00:00,1008039.8965833129,1008039.8965833129,1054364.3346247864,1054364.3346247864,930132.243951936,971702.9936804028
2025-02-25 19:30:00+00:00,1020276.3425061645,1020276.3425061645,1067163.1626582337,1067163.1626582337,941423.6696456042,976619.5064441946
2025-02-25 20:30:00+00:00,1002971.1014172971,1002971.1014172971,1049062.5796809385,1049062.5796809385,925454.9116338479,974769.1806012812
2025-02-26 14:30:00+00:00,1033225.4990003051,1033225.4990003051,1080707.4571528626,1080707.4571528626,953372.7633016482,978956.0894346561
2025-02-26 15:30:00+00:00,1048788.2699963988,1048788.2699963988,1096985.4868159485,1096985.4868159485,967733.6221161998,977815.3795690475
2025-02-26 16:30:00+00:00,1049911.3254163207,1049911.3254163207,1098160.1574092102,1098160.1574092102,968769.9440109616,976784.2106691853
2025-02-26 17:30:00+00:00,1032633.0942151488,1032633.0942151488,1080087.825683136,1080087.825683136,952826.1099143543,969421.3993819096
2025-02-26 18:30:00+00:00,1028790.3183362426,1028790.3183362426,1076068.437377472,1076068.437377472,949280.111462871,970334.3862358591
2025-02-26 19:30:00+00:00,1035522.3666760863,1035522.3666760863,1083109.8879389954,1083109.8879389954,955492.2439786999,970135.1176902027
2025-02-26 20:30:00+00:00,1041699.9570081176,1041699.9570081176,1089571.3978266907,1089571.3978266907,961192.7392564822,970782.6750008576
2025-02-27 14:30:00+00:00,1009703.149757141,1009703.149757141,1056104.0302424622,1056104.0302424622,931667.0441496768,978879.8908186428
2025-02-27 15:30:00+00:00,1000199.1135022582,1000199.1135022582,1046163.1923213196,1046163.1923213196,922897.0042346122,977814.0703144768
2025-02-27 16:30:00+00:00,1006535.13767218,1006535.13767218,1052790.417602081,1052790.417602081,928743.6975113219,976874.8983691139
2025-02-27 17:30:00+00:00,1010732.7280042113,1010732.7280042113,1057180.9274897766,1057180.9274897766,932617.1081099074,976871.7561581443
2025-02-27 18:30:00+00:00,980121.9449231568,980121.9449231568,1025163.28518631,1025163.28518631,904370.3945818198,972355.9625766164
2025-02-27 19:30:00+00:00,965588.7521741332,965588.7521741332,1009962.1527705383,1009962.1527705383,890959.5997274985,966578.745858064
2025-02-27 20:30:00+00:00,950540.7400891724,950540.7400891724,994222.5401301576,994222.5401301576,877073.7450139625,966376.5096687141
2025-02-28 14:30:00+00:00,972083.149757141,972083.149757141,1016755.0302424622,1016755.0302424622,896952.4352449363,971805.1155369153
2025-02-28 15:30:00+00:00,962816.7038342896,962816.7038342896,1007062.702209015,1007062.702209015,888401.6365700634,968893.5952226523
2025-02-28 16:30:00+00:00,967735.0412366332,967735.0412366332,1012207.0844111633,1012207.0844111633,892940.1309715498,969938.2058027734
2025-02-28 17:30:00+00:00,955054.3521497191,955054.3521497191,998943.5959773255,998943.5959773255,881238.7709956106,965778.3548971926
2025-02-28 18:30:00+00:00,954183.9328381957,954183.9328381957,998033.172545929,998033.172545929,880435.5741327007,967675.639337374
2025-02-28 19:30:00+00:00,965390.7400891724,965390.7400891724,1009755.0401301576,1009755.0401301576,890776.880107939,973294.8726710653
2025-02-28 20:30:00+00:00,990457.5473401487,990457.5473401487,1035973.9077143859,1035973.9077143859,913907.7788375552,979392.5076248804
2025-03-03 14:30:00+00:00,946580.7400891724,946580.7400891724,990080.5401301576,990080.5401301576,873419.5756555687,980528.5041740345
2025-03-03 15:30:00+00:00,944283.9328381957,944283.9328381957,987678.172545929,987678.172545929,871300.1507367163,976961.3964544163
2025-03-03 16:30:00+00:00,937868.7521741332,937868.7521741332,980968.1527705383,980968.1527705383,865380.4142187423,978364.83007054
2025-03-03 17:30:00+00:00,912762.3062512815,912762.3062512815,954707.824737091,954707.824737091,842212.9381102943,970673.1340351113
2025-03-03 18:30:00+00:00,919137.908668274,919137.908668274,961376.4472651674,961376.4472651674,848096.1530076364,970859.0481841468
2025-03-03 19:30:00+00:00,896367.908668274,896367.908668274,937559.9472651674,937559.9472651674,827084.6791968724,960809.9956524019
2025-03-03 20:30:00+00:00,903020.7400891724,903020.7400891724,944518.5401301576,944518.5401301576,833223.7127132375,965233.3558612403
2025-03-04 14:30:00+00:00,884012.7280042113,884012.7280042113,924636.9274897766,924636.9274897766,815683.6886413076,951023.4923038961
2025-03-04 15:30:00+00:00,885755.13767218,885755.13767218,926459.4176020812,926459.4176020812,817291.5320803126,947472.5320573164
2025-03-04 16:30:00+00:00,918862.3111340941,918862.3111340941,961088.1833796692,961088.1833796692,847841.8398599979,951920.2444011691
2025-03-04 17:30:00+00:00,920365.4990003052,920365.4990003052,962660.4571528627,962660.4571528627,849228.9365874266,952274.3541207173
2025-03-04 18:30:00+00:00,932799.111060852,932799.111060852,975665.5130000305,975665.5130000305,860702.3012858621,957373.9006734893
2025-03-04 19:30:00+00:00,941670.3183362426,941670.3183362426,984944.437377472,984944.437377472,868888.3855782086,960551.0250983228
2025-03-04 20:30:00+00:00,918464.7159192504,918464.7159192504,960672.3148493958,960672.3148493958,847474.9509076932,950000.3534987342
2025-03-05 14:30:00+00:00,918543.9328381957,918543.9328381957,960755.172545929,960755.172545929,847548.049907157,951556.4461977981
2025-03-05 15:30:00+00:00,914107.9062268676,914107.9062268676,956115.2679438782,956115.2679438782,843454.6174535877,949513.2235148055
2025-03-05 16:30:00+00:00,923241.2967297971,923241.2967297971,965668.4253840636,965668.4253840636,851882.6365732972,955145.6366778415
2025-03-05 17:30:00+00:00,920919.8965833129,920919.8965833129,963240.3346247864,963240.3346247864,849740.5180672735,955074.1513782829
2025-03-05 18:30:00+00:00,927571.1569592896,927571.1569592896,970197.284240265,970197.284240265,855878.1018704535,961296.9510690543
2025-03-05 19:30:00+00:00,931928.7521741332,931928.7521741332,974755.1527705383,974755.1527705383,859899.1601811517,962739.6623222982
2025-03-05 20:30:00+00:00,928998.3304212035,928998.3304212035,971690.0500178528,971690.0500178528,857195.0547829885,960665.1920968855
2025-03-06 14:30:00+00:00,909629.1592786254,909629.1592786254,951430.6795954895,951430.6795954895,839321.7639530154,955764.826806132
2025-03-06 15:30:00+00:00,903416.7038342896,903416.7038342896,944932.702209015,944932.702209015,833589.0961941573,958191.4865110557
2025-03-06 16:30:00+00:00,884215.4532239379,884215.4532239379,924848.9698786926,924848.9698786926,815870.7574004234,949554.1595410487
2025-03-06 17:30:00+00:00,883418.7521741332,883418.7521741332,924015.6527705383,924015.6527705383,815135.5855408283,949905.3889005412
2025-03-06 18:30:00+00:00,875459.1135022582,875459.1135022582,915690.1923213196,915690.1923213196,807790.6694452092,947770.3438303255
2025-03-06 19:30:00+00:00,879951.3351819457,879951.3351819457,920388.8746943665,920388.8746943665,811935.9570242562,951054.8271299542
2025-03-06 20:30:00+00:00,875855.13767218,875855.13767218,916104.4176020812,916104.4176020812,808156.1086843283,951329.8578734337
2025-03-07 14:30:00+00:00,879498.3304212035,879498.3304212035,919915.0500178528,919915.0500178528,811517.9378030667,951579.489078242
2025-03-07 15:30:00+00:00,868885.4990003052,868885.4990003052,908814.4571528627,908814.4571528627,801724.7349283078,944233.8726676612
2025-03-07 16:30:00+00:00,863381.1014172971,863381.1014172971,903057.0796809386,903057.0796809386,796645.4417504683,945593.7517484003
2025-03-07 17:30:00+00:00,875292.0389172971,875292.0389172971,915515.4390559386,915515.4390559386,807636.498023762,952085.9960298165
2025-03-07 18:30:00+00:00,889081.523170227,889081.523170227,929938.6824336243,929938.6824336243,820361.0209593957,957249.1723547232
2025-03-07 19:30:00+00:00,891893.149757141,891893.149757141,932879.5302424622,932879.5302424622,822955.5057374629,956600.0439385835
2025-03-07 20:30:00+00:00,892883.149757141,892883.149757141,933915.0302424622,933915.0302424622,823869.0480770614,956221.1456658306
2025-03-10 13:30:00+00:00,855931.5689465941,855931.5689465941,895265.1697077942,895265.1697077942,789771.2363745081,948369.0223036754
2025-03-10 14:30:00+00:00,852714.491920227,852714.491920227,891900.2371211243,891900.2371211243,786802.6140782094,948078.716923538
2025-03-10 15:30:00+00:00,856094.7159192504,856094.7159192504,895435.8148493958,895435.8148493958,789921.7835129919,944836.0424865327
2025-03-10 16:30:00+00:00,847977.4893567504,847977.4893567504,886945.5238337708,886945.5238337708,782431.4500332375,941029.6903150337
2025-03-10 17:30:00+00:00,845600.7400891724,845600.7400891724,884459.5401301576,884459.5401301576,780238.2570165283,936278.0563435085
2025-03-10 18:30:00+00:00,844728.749732727,844728.749732727,883547.4734492493,883547.4734492493,779433.6104404329,935571.5825771734
2025-03-10 19:30:00+00:00,847659.8965833129,847659.8965833129,886613.3346247864,886613.3346247864,782138.3849369893,936487.013372988
2025-03-11 13:30:00+00:00,842036.7038342896,842036.7038342896,880731.702209015,880731.702209015,776949.4711390543,926036.4561062368
2025-03-11 14:30:00+00:00,862509.8965833129,862509.8965833129,902145.8346247864,902145.8346247864,795841.5200309658,926024.8473823768
2025-03-11 15:30:00+00:00,861915.9207532348,861915.9207532348,901524.5599055481,901524.5599055481,795293.4169304866,924775.2948201264
2025-03-11 16:30:00+00:00,851936.7038342896,851936.7038342896,891086.702209015,891086.702209015,786084.8945350386,920338.318363753
2025-03-11 17:30:00+00:00,874667.1255872191,874667.1255872191,914861.8049617005,914861.8049617005,807059.8467251704,928232.5124394459
2025-03-11 18:30:00+00:00,877665.6460950315,877665.6460950315,917998.1362605285,917998.1362605285,809826.7916141005,929839.229648576
2025-03-11 19:30:00+00:00,860490.3183362426,860490.3183362426,900033.437377472,900033.437377472,793977.9137311368,925668.9047064298
2025-03-12 13:30:00+00:00,908090.3207776487,908090.3207776487,949821.1166987609,949821.1166987609,837901.7698879181,922907.337682328
2025-03-12 14:30:00+00:00,906980.7400891724,906980.7400891724,948660.5401301576,948660.5401301576,836877.8820716313,920703.2512544186
2025-03-12 15:30:00+00:00,917474.7159192504,917474.7159192504,959636.8148493958,959636.8148493958,846561.4085680948,924901.7688116534
2025-03-12 16:30:00+00:00,919692.3062512815,919692.3062512815,961956.324737091,961956.324737091,848607.7344874833,927800.9821329521
2025-03-12 17:30:00+00:00,915257.1255872191,915257.1255872191,957317.3049617005,957317.3049617005,844515.0826487063,926151.4959411799
2025-03-12 18:30:00+00:00,914425.4990003052,914425.4990003052,956447.4571528627,956447.4571528627,843747.6825498359,925688.5435249899
2025-03-12 19:30:00+00:00,916722.3062512815,916722.3062512815,958849.824737091,958849.824737091,845867.107468688,923865.0137589562
2025-03-13 13:30:00+00:00,923969.1135022582,923969.1135022582,966429.6923213196,966429.6923213196,852554.2440855326,921794.7331481698
2025-03-13 14:30:00+00:00,919415.13767218,919415.13767218,961666.4176020812,961666.4176020812,848351.9716266595,916782.6448007188
2025-03-13 15:30:00+00:00,917679.8581311643,917679.8581311643,959851.3853144835,959851.3853144835,846750.707655188,913255.7748382394
2025-03-13 16:30:00+00:00,912960.3183362426,912960.3183362426,954914.937377472,954914.937377472,842395.657729854,911612.1366502163
2025-03-13 17:30:00+00:00,926305.4990003052,926305.4990003052,968873.4571528627,968873.4571528627,854710.1906250172,913208.8162409713
2025-03-13 18:30:00+00:00,918821.1014172971,918821.1014172971,961045.0796809386,961045.0796809386,847803.8127679807,912229.9302402979
2025-03-13 19:30:00+00:00,916484.7159192504,916484.7159192504,958601.3148493958,958601.3148493958,845647.8662284964,911960.2237987393
2025-03-14 13:30:00+00:00,946698.749732727,946698.749732727,990203.9734492493,990203.9734492493,873528.4714190718,918347.4658635875
2025-03-14 14:30:00+00:00,957827.1255872191,957827.1255872191,1001843.8049617005,1001843.8049617005,883797.403251439,924120.1438329614
2025-03-14 15:30:00+00:00,954540.3183362426,954540.3183362426,998405.937377472,998405.937377472,880764.4359929883,922798.4949856859
2025-03-14 16:30:00+00:00,954777.908668274,954777.908668274,998654.4472651674,998654.4472651674,880983.6772331801,925148.4323727681
2025-03-14 17:30:00+00:00,952639.5352551879,952639.5352551879,996417.7950740051,996417.7950740051,879010.4503132551,923817.3568925838
2025-03-14 18:30:00+00:00,955094.7159192504,955094.7159192504,998985.8148493958,998985.8148493958,881276.0174728354,925615.6616872224
2025-03-14 19:30:00+00:00,961945.4990003052,961945.4990003052,1006151.4571528627,1006151.4571528627,887597.7148505609,926674.848634897
2025-03-17 13:30:00+00:00,946778.7521741332,946778.7521741332,990287.6527705383,990287.6527705383,873602.2952751282,930811.743943672
2025-03-17 14:30:00+00:00,944877.908668274,944877.908668274,988299.4472651674,988299.4472651674,871848.2538371957,931799.79472634
2025-03-17 15:30:00+00:00,937513.0917737426,937513.0917737426,980596.146361847,980596.146361847,865052.221456848,931445.5977231539
2025-03-17 16:30:00+00:00,943926.7013928832,943926.7013928832,987304.5228877258,987304.5228877258,870970.5082616366,933882.5568973669
2025-03-17 17:30:00+00:00,954421.523170227,954421.523170227,998281.6824336243,998281.6824336243,880654.8153728924,937359.5879025228
2025-03-17 18:30:00+00:00,953347.593116516,953347.593116516,997158.3949885559,997158.3949885559,879663.8248942741,938140.2527611961
2025-03-17 19:30:00+00:00,946343.149757141,946343.149757141,989832.0302424622,989832.0302424622,873200.3344153769,935010.5233518209
2025-03-18 13:30:00+00:00,917514.2941663207,917514.2941663207,959678.2120967102,959678.2120967102,846597.930188727,931089.6550472069
2025-03-18 14:30:00+00:00,924761.1014172971,925318.8057539351,967258.0796809386,967799.2173881531,853285.0668055713,927435.7001077342
2025-03-18 15:30:00+00:00,931770.3183362426,932332.4476835617,974589.437377472,975135.0000953675,859752.9621822243,928730.55287813
2025-03-18 16:30:00+00:00,927929.1135022582,928488.8178465256,970571.6923213196,971114.8300361634,856208.4134439264,927704.7082801885
2025-03-18 17:30:00+00:00,923840.0461194457,924397.1689817795,966294.6930537415,966835.2492866517,852435.1445715323,928571.6966568884
2025-03-18 18:30:00+00:00,919850.7400891724,920405.3444502244,962122.0401301576,962660.0778617861,848753.932486411,929886.4500967583
2025-03-18 19:30:00+00:00,915455.13767218,916006.9670317061,957524.4176020812,958059.6803321838,844697.8022682657,929202.9319272288
2025-03-19 13:30:00+00:00,926622.3062512815,926965.8816353225,969204.824737091,969643.5721038964,855002.5308646724,934461.5092685185
2025-03-19 14:30:00+00:00,928641.9449231568,928986.2853218461,971317.28518631,971757.0525726466,856866.192922701,934517.5453641434
2025-03-19 15:30:00+00:00,934819.5352551879,935166.2156502152,977778.7950740051,978221.682455459,862566.6882004832,935722.8451219052
2025-03-19 16:30:00+00:00,930333.6581799926,930678.639379158,973086.7489009094,973527.3706878809,858427.2552323773,932138.106107402
2025-03-19 17:30:00+00:00,938866.6678235471,939214.8812233352,982011.9322200011,982456.8636078027,866301.260882467,933406.162800918
2025-03-19 18:30:00+00:00,936601.523170227,936948.8785606766,979642.6824336243,980086.4698089747,864211.0532601206,938125.5891100046
2025-03-19 19:30:00+00:00,930819.8965833129,931165.0619636917,973595.3346247864,974036.201986709,858875.941463258,937642.6487407022
2025-03-20 13:30:00+00:00,941749.5352551879,942098.8406502152,985027.2950740051,985473.682455459,868961.4845776723,942263.9682406263
2025-03-20 14:30:00+00:00,947531.1014172971,948372.1982285006,991074.5796809386,991799.3375175266,874296.5406163353,941675.6765202039
2025-03-20 15:30:00+00:00,936918.3304212035,937750.0472580417,979974.0500178528,980690.7678764134,864503.393499776,939032.5533929289
2025-03-20 16:30:00+00:00,933742.4026868285,935155.6060678517,976652.157928009,977963.8159060483,861572.7425372946,936040.8194153026
2025-03-20 17:30:00+00:00,935248.007545227,936663.4921457325,978226.9597773743,979540.7088732724,862962.0695927008,935556.1333732394
2025-03-20 18:30:00+00:00,934977.908668274,936392.9840280568,977944.4472651674,979257.8212237364,862712.8304412114,936067.1790739922
2025-03-20 19:30:00+00:00,938343.9328381957,939402.8360485437,981465.172545929,982334.6252318437,865818.8966991258,937307.7414215241
2025-03-21 13:30:00+00:00,922499.1592786254,924019.3480998783,964892.1795954895,966629.2814795087,851197.8143677951,928971.1938682197
2025-03-21 14:30:00+00:00,921078.3304212035,922596.1870738773,963406.0500178528,965140.4609381269,849886.716066201,931564.4780381711
2025-03-21 15:30:00+00:00,929473.511085266,931005.1477062015,972187.0697932434,973937.3806768964,857633.537263372,935782.89626488
2025-03-21 16:30:00+00:00,927216.3425061643,928744.2741786746,969826.1626582335,971572.1986013958,855550.6897233512,935697.0964486819
2025-03-21 17:30:00+00:00,928215.0436780396,929744.6146327764,970870.7637324525,972618.691155107,856472.2612436689,935211.7994211524
2025-03-21 18:30:00+00:00,924998.7521741332,926523.0438625126,967506.6527705383,969248.4887320112,853504.3638039626,935092.9191061353
2025-03-21 19:30:00+00:00,931730.7400891724,933266.0817577153,974548.0401301576,976302.6260687422,859716.4405615922,938172.4604236346
2025-03-24 13:30:00+00:00,954263.149757141,955835.4764415531,998116.0302424622,999913.2911993574,880508.6731321644,949804.8381495136
2025-03-24 14:30:00+00:00,966618.3304212035,968210.9370738773,1011039.0500178528,1012859.7109381269,891909.663687729,950653.9333804141
2025-03-24 15:30:00+00:00,964321.523170227,965910.3598109989,1008636.6824336243,1010452.9933401655,889790.2387688768,949698.2648274607
2025-03-24 16:30:00+00:00,964153.6026380004,965742.1636516361,1008461.0443415833,1010277.0372168134,889635.2867326376,948597.7927189909
2025-03-24 17:30:00+00:00,964836.3425061643,966426.0241786746,1009175.1626582335,1010992.4486013958,890265.2986280917,947139.5449781752
2025-03-24 18:30:00+00:00,964677.908668274,966267.3302852422,1009009.4472651674,1010826.4331442427,890119.1006291645,950865.3343517588
2025-03-24 19:30:00+00:00,960203.149757141,961785.2264415531,1004329.0302424622,1006137.5411993574,885989.927169755,951171.8744885725
2025-03-25 13:30:00+00:00,950303.149757141,952470.6085905263,993974.0302424622,996205.9963408331,876854.5037737706,952389.0448211083
2025-03-25 14:30:00+00:00,952533.368873352,955330.7819418302,996306.7493281555,998652.4835269003,878912.4831568418,953282.3055728595
2025-03-25 15:30:00+00:00,955690.3232190552,958496.904210507,999608.7960200502,1001962.5023257285,881825.6260446997,950627.3991544485
2025-03-25 16:30:00+00:00,952322.7280042113,955119.5293630948,996086.4274897766,998431.6297671347,878718.1100735997,950592.3111319544
2025-03-25 17:30:00+00:00,956125.1401135863,958932.9838308683,1000063.5969233704,1002418.4012515097,882226.8620478582,950044.6063032228
2025-03-25 18:30:00+00:00,955965.9207532348,958773.3020910611,999897.0599055481,1002251.4621645956,882079.939192338,949643.1015682165
2025-03-25 19:30:00+00:00,955569.8965833129,958376.1278509488,999482.8346247864,1001836.2368227987,881714.4999532189,951705.5266515788
2025-03-26 13:30:00+00:00,911772.3062512815,914451.3475469936,953672.324737091,955915.1269595174,841299.3957706959,954808.2854167982
2025-03-26 14:30:00+00:00,912168.3304212035,915684.2765271887,954086.5500178528,956332.0145902921,841664.835009815,952063.913269391
2025-03-26 15:30:00+00:00,903218.7521741332,906765.8565957395,944725.6527705383,946965.1402876872,833406.432332797,951308.3860984746
2025-03-26 16:30:00+00:00,898664.7159192504,902193.9951989499,939962.3148493958,942190.3022749919,829204.1041157246,947917.8531786213
2025-03-26 17:30:00+00:00,900129.8965833129,903664.9107873288,941494.8346247864,943726.5220015544,830556.1289357065,949025.0461272206
2025-03-26 18:30:00+00:00,897120.3183362426,900643.5526254026,938346.937377472,940571.0248091716,827778.980296279,946708.8002244238
2025-03-26 19:30:00+00:00,900565.4990003052,904102.2182137816,941950.4571528627,944183.2445357342,830958.0897954578,948568.7272675219
2025-03-27 13:30:00+00:00,893556.3425061643,897065.6268899288,934619.1626582335,936834.2501509683,824490.2501770043,949152.3929551281
2025-03-27 14:30:00+00:00,899377.5473401487,903575.2321612523,940707.9077143859,943104.5463027144,829861.8835944991,947644.829958817
2025-03-27 15:30:00+00:00,891101.1014172971,895260.1210238622,932051.0796809386,934425.773147502,822224.6272592245,946913.654922915
2025-03-27 16:30:00+00:00,884657.4002454224,888786.3167025733,925311.2286067201,927668.8365019944,816278.5728711158,944331.5430586335
2025-03-27 17:30:00+00:00,888249.8965833129,892395.5961672949,929068.8346247864,931435.9680785324,819593.6208605252,945767.4461881097
2025-03-27 18:30:00+00:00,892407.908668274,897095.8184970997,933417.9472651674,936444.5215109246,823430.5098384786,948640.9108361851
2025-03-27 19:30:00+00:00,882587.1255872191,887222.9555057666,923145.8049617005,926138.8992651359,814368.1854419579,944997.6045005538
2025-03-28 13:30:00+00:00,865549.6268079224,870095.1063541553,905325.2696223451,908260.2815435784,798646.4920119132,934946.3698778579
2025-03-28 14:30:00+00:00,868529.1135022582,873090.3933567187,908441.6923213196,911386.8615835563,801395.8730680202,933631.3545870738
2025-03-28 15:30:00+00:00,867974.7159192504,872533.0557865283,907861.8148493958,910805.0941198722,800884.291588173,930691.9035086364
2025-03-28 16:30:00+00:00,867103.511085266,871657.2309269091,906950.5697932434,909890.8790472404,800080.3698686705,928132.1362556942
2025-03-28 17:30:00+00:00,871380.3183362426,875956.7182163378,911423.937377472,914378.8266561881,804026.8794667197,929073.9267101985
2025-03-28 18:30:00+00:00,870548.7521741332,875120.7422336718,910554.1527705383,913506.207164611,803259.5351260486,928921.0930599819
2025-03-28 19:30:00+00:00,868410.3183362426,872970.9682163378,908317.437377472,911262.2016561881,801286.2524479243,929063.8890918234
2025-03-31 13:30:00+00:00,822870.3183362426,827189.4682163378,860684.437377472,863473.9516561881,759263.3048263963,925289.6572991249
2025-03-31 14:30:00+00:00,833163.139991516,837693.7064090597,871450.3129573059,874677.1997949135,768761.2122769295,930343.8163601134
2025-03-31 15:30:00+00:00,839423.149757141,843987.7036014425,877998.0302424622,881249.4196435463,774537.7617387458,932361.1158026066
2025-03-31 16:30:00+00:00,837363.9328381957,841917.3065906393,875844.172545929,879087.50188079,772637.5780600852,931088.5203599123
2025-03-31 17:30:00+00:00,851858.3328626098,857471.0365702515,891004.7293391419,894669.6491774565,786012.5761503669,935620.8978326686
2025-03-31 18:30:00+00:00,849402.3062512815,854998.8845316771,888435.824737091,892090.2010268216,783746.2283759944,937203.8738922506
2025-03-31 19:30:00+00:00,861519.8965833129,867940.5881670611,901110.3346247864,905436.3565895823,794927.9776913674,938437.4535487388
2025-04-01 13:30:00+00:00,848531.1014172971,854471.5696330096,887524.5796809386,891579.0720127363,782942.3066564918,929766.1732435324
2025-04-01 14:30:00+00:00,862635.8218762815,868658.0774311349,902277.547393341,906135.2833630526,795957.7201185953,939524.3094096737
2025-04-01 15:30:00+00:00,866509.5352551879,872558.6915973948,906329.2950740051,910204.1497265782,799532.2667681911,938654.4406729185
2025-04-01 16:30:00+00:00,861767.0340344848,868620.7055917452,901368.8304133606,906166.1865320395,795156.0287270704,936043.0015062537
2025-04-01 17:30:00+00:00,853203.1473157348,859988.6970468233,892411.3509211731,897161.1298914145,787253.5306370675,932593.7266979963
2025-04-01 18:30:00+00:00,860263.0002210082,867104.7078729342,899795.6718135071,904584.6721887778,793768.1513848497,935284.4194080057
2025-04-01 19:30:00+00:00,872449.5352551879,879388.1812539767,912542.2950740051,917398.998421688,805013.5208057818,938216.9750790376
2025-04-02 13:30:00+00:00,863330.4050061643,870196.5124688813,903004.0532832335,907810.0947961996,796598.6606211396,938618.6543813201
2025-04-02 14:30:00+00:00,873241.523170227,880186.4690728853,913370.6824336243,918231.7857141685,805744.3435258206,941858.1866073556
2025-04-02 15:30:00+00:00,880388.5086438598,887940.7379590777,920846.1404719544,926379.7735378029,812339.3675971929,941717.2235319132
2025-04-02 16:30:00+00:00,881042.7280042113,888600.5743543414,921530.4274897766,927068.1907283546,812943.0616225123,945113.6044555155
2025-04-02 17:30:00+00:00,865915.4990003052,873343.4651014118,905707.9571528627,911150.2202083352,798984.1079095126,937924.6621752252
2025-04-02 18:30:00+00:00,868489.5352551879,875939.6016675738,908400.2950740051,913858.8083583595,801359.3514473881,941428.4892572607
2025-04-02 19:30:00+00:00,874271.1014172971,881770.8075391557,914447.5796809386,919942.5927516699,806694.4074860511,943266.5953908478
2025-04-03 13:30:00+00:00,832849.5352551879,839993.6016675738,871122.2950740051,876355.8083583595,768471.8272218443,910266.9212206687
2025-04-03 14:30:00+00:00,815583.1473157348,823066.046025217,853062.3509211731,858501.2642578576,752538.921732327,911512.8951537593
2025-04-03 15:30:00+00:00,821056.6678235471,828590.0169114474,858787.4322200011,864262.9739136192,757589.7224702531,918614.6410796427
2025-04-03 16:30:00+00:00,815979.8965833129,823302.2273485088,853477.3346247864,858673.2465368689,752905.0300698393,913428.247307016
2025-04-03 17:30:00+00:00,812851.523170227,820145.8091737651,850205.1824336243,855380.9495169104,750018.2608103161,911490.1141242295
2025-04-03 18:30:00+00:00,813196.0654065552,821117.992940166,850565.5596919252,855757.7160705931,750336.1940635138,908223.3494031238
2025-04-03 19:30:00+00:00,806396.7038342896,813788.5152328253,843453.702209015,848508.564979112,744061.9469135106,905759.8560029453
2025-04-04 13:30:00+00:00,749339.4339368285,756205.3386810063,783774.103240509,788468.7559733746,691411.2076880297,875451.1363936897
2025-04-04 14:30:00+00:00,753253.511085266,760347.1344652296,787868.0697932434,792804.6397329678,695023.0008148503,874812.3074468393
2025-04-04 15:30:00+00:00,743194.3521497191,750393.8079328284,777346.5959773255,782669.7670292704,685740.7103215453,870011.794638009
2025-04-04 16:30:00+00:00,745334.296607727,752554.5574064002,779584.8914179993,784923.4635853617,687715.3869546555,866706.7996834397
2025-04-04 17:30:00+00:00,744620.7400891724,751834.0635328041,778838.5401301576,784171.9768528789,687056.9383774878,862416.896157172
2025-04-04 18:30:00+00:00,753768.3304212035,761070.5887708411,788406.5500178528,793805.821670994,695498.0606740653,864117.9669790287
2025-04-04 19:30:00+00:00,747075.9207532348,754313.1140088782,781406.5599055481,786757.6664891093,689322.505537068,856159.968563925
2025-04-07 13:30:00+00:00,740423.149757141,747595.6632947669,774448.0302424622,779751.2570347636,683183.5277789022,840295.7309310781
2025-04-07 14:30:00+00:00,743591.1014172971,750577.3427609524,777761.5796809386,782879.6988900708,686106.8186590576,831814.9908077237
2025-04-07 15:30:00+00:00,759351.9449231568,766548.3191576824,794246.78518631,799605.8669674282,700650.4528513685,841532.2782312599
2025-04-07 16:30:00+00:00,778066.1111829224,785439.7029009685,813821.0469660951,819312.4511349087,717919.3247994295,849827.7151910452
2025-04-07 17:30:00+00:00,771548.7521741332,778860.6264773234,807004.1527705383,812449.4746029262,711905.301166205,848812.7810478593
2025-04-07 18:30:00+00:00,765529.5352551879,772784.4093981608,800708.2950740051,806111.0567867641,706350.9481291507,842509.8549773626
2025-04-07 19:30:00+00:00,773924.7159192504,781259.0898791178,809489.3148493958,814951.4364254359,714097.7693263217,847940.4683692388
2025-04-08 13:30:00+00:00,829523.149757141,837384.024037443,867643.0302424622,873498.2720577602,765402.3383427615,879351.8421779153
2025-04-08 14:30:00+00:00,808376.7038342896,816037.327679716,845524.702209015,851230.423699606,745889.0315927074,865098.6859361009
2025-04-08 15:30:00+00:00,804614.7159192504,812239.7148791178,841589.8148493958,847268.9364254359,742417.5818538731,866152.1994473026
2025-04-08 16:30:00+00:00,782399.1135022582,789813.7374392374,818353.1923213196,823875.2338802699,721917.6895229563,849217.6898447494
2025-04-08 17:30:00+00:00,787546.3400647582,795009.7066775187,823736.9833369446,829295.4194271449,726667.3959839153,848230.9483166521
2025-04-08 18:30:00+00:00,762915.9207532348,770735.6135597323,797974.5599055481,803793.1914075273,703939.1829706429,842735.9195998987
2025-04-08 19:30:00+00:00,766004.7159192504,773855.9986763095,801205.3148493958,807047.7363141435,706789.4306095341,841569.1119265149
2025-04-09 13:30:00+00:00,791898.3761975707,800753.5260256071,828289.0372920227,834356.0378393108,730683.3245402653,842822.6795361155
2025-04-09 14:30:00+00:00,785478.4219739379,794427.0748732286,821574.0245661926,827841.2132167162,724759.1831245356,843005.0150559911
2025-04-09 15:30:00+00:00,787626.3425061643,797365.6361985331,823820.6626582335,830819.2712298828,726741.2198399716,844273.2463167832
2025-04-09 16:30:00+00:00,843303.9328381957,853732.1664109356,882057.172545929,889547.881032129,778118.8320976759,882601.4120223261
2025-04-09 17:30:00+00:00,887339.1135022582,898312.2268357403,928116.1923213196,935996.1006366212,818753.1775203905,902132.173438524
2025-04-09 18:30:00+00:00,893358.3304212035,904909.7854626277,934412.0500178528,943227.7597691665,824307.5305574448,902912.9255808354
2025-04-09 19:30:00+00:00,904921.523170227,917609.6060644249,946506.6824336243,956144.3043897692,834977.6983929706,906700.0753519647
2025-04-10 13:30:00+00:00,863975.13767218,876089.3507696249,903678.4176020812,912881.7597120347,797193.6006091471,885941.7568503036
2025-04-10 14:30:00+00:00,854589.8965833129,866572.5741048912,893861.8346247864,902965.6362989489,788533.1813141784,880308.6454181633
2025-04-10 15:30:00+00:00,824137.5473401487,835693.4305730917,862009.9077143859,870790.7299268785,760432.6657850179,861711.2079435792
2025-04-10 16:30:00+00:00,843303.9328381957,854712.0356886789,882057.172545929,890427.8685251685,778118.8320976759,873197.7347102851
2025-04-10 17:30:00+00:00,858938.0051038207,871266.4215638209,898409.7804560852,907111.5247350526,792545.4855875649,888075.6672332247
2025-04-10 18:30:00+00:00,843066.3425061643,855006.5864858878,881808.6626582335,889843.0967218315,777899.590857484,879990.4965574896
2025-04-10 19:30:00+00:00,853045.4990003052,865126.8623647942,892246.4571528627,900376.6507989801,787108.0574947329,884669.1614076094
2025-04-11 13:30:00+00:00,853045.4990003052,865126.8623647942,892246.4571528627,900376.6507989801,787108.0574947329,877915.0662120586
2025-04-11 14:30:00+00:00,860490.3183362426,872676.9619741691,900033.437377472,908235.0712091363,793977.9137311368,880175.887004697
2025-04-11 15:30:00+00:00,866826.3425061643,879102.5864858878,906660.6626582335,914923.0967218315,799824.6070078465,888027.1375304718
2025-04-11 16:30:00+00:00,869202.3062512815,881512.1497183096,909145.824737091,917431.0584527885,802017.075167963,891593.9833991757
2025-04-11 17:30:00+00:00,874033.511085266,886411.6746206535,914199.0697932434,922530.6635553277,806475.1662458595,897363.170023028
2025-04-11 18:30:00+00:00,872132.7280042113,884484.0117788566,912210.9274897766,920524.2814142144,804721.1805661264,899639.8764377907
2025-04-11 19:30:00+00:00,876726.3425061643,889870.257617317,917015.6626582335,925415.1835269093,808960.0304038308,898293.6136045865
2025-04-14 13:30:00+00:00,891592.1738049926,904959.451785408,932564.7215571594,941106.8943423391,822677.7741460603,907777.7664309049
2025-04-14 14:30:00+00:00,881822.8726575315,895340.6242096398,922346.4272761535,931210.3380345362,813662.9557354611,903605.6085323597
2025-04-14 15:30:00+00:00,871499.1135022582,884859.140956161,911548.1923213196,920307.8226841945,804136.5000868154,900281.8475956107
2025-04-14 16:30:00+00:00,874746.3425061643,889129.9671126653,914944.6626582335,923889.6093351404,807132.945724634,903398.222608365
2025-04-14 17:30:00+00:00,880765.4990003052,896043.996908331,921240.4571528627,930781.1113723407,812687.2430034891,907551.4399574545
2025-04-14 18:30:00+00:00,881953.511085266,898203.5018831905,922483.0697932434,932370.9727885149,813783.504962647,908976.7817667273
2025-04-14 19:30:00+00:00,876805.4990003052,893447.2718877214,917098.4571528627,927263.1460400488,809033.0736450953,905579.2661558304
2025-04-15 13:30:00+00:00,879300.3183362426,896875.6446480872,919707.937377472,930261.9638107499,811335.2181835071,906361.1529854365
2025-04-15 14:30:00+00:00,887339.1135022582,905950.357799353,928116.1923213196,939377.6229269267,818753.1775203905,906543.2266543981
2025-04-15 15:30:00+00:00,897120.3183362426,915477.3548324585,938346.937377472,949695.4810989785,827778.980296279,907789.811572955
2025-04-15 16:30:00+00:00,885835.1401135863,903549.7174719234,926543.0969233704,937264.9463688156,817365.3559363692,903792.8319359659
2025-04-15 17:30:00+00:00,888051.9449231568,906760.537031902,928861.78518631,940015.115021591,819410.9569991651,902632.6578190734
2025-04-15 18:30:00+00:00,888765.5014417113,907903.7247870059,929608.1364741516,940779.5838096588,820069.4055763329,903320.0164686769
2025-04-15 19:30:00+00:00,887893.511085266,906942.211404341,928696.0697932434,939796.0098045658,819264.7590002376,902133.3081258187
2025-04-16 13:30:00+00:00,835779.8965833129,854162.2419221035,874187.3346247864,885157.8973097644,771175.8768618081,897578.5860417228
2025-04-16 14:30:00+00:00,833048.3328626098,851370.6665742031,871330.2293391419,882264.9230055652,768655.2716979966,902738.6201556599
2025-04-16 15:30:00+00:00,823068.3304212035,841912.3514065744,860891.5500178528,872193.8559745747,759446.0244459559,897411.4378748669
2025-04-16 16:30:00+00:00,823226.7038342896,842945.9498558205,861057.202209015,872678.7156597404,759592.1666866839,896949.3582950573
2025-04-16 17:30:00+00:00,809366.7038342896,828558.4397920653,846560.202209015,857746.5665830129,746802.5739323058,889212.100200569
2025-04-16 18:30:00+00:00,800021.1014172971,818990.9973176998,836785.0796809386,847841.6440213672,738178.7320161684,880805.813020467
2025-04-16 19:30:00+00:00,827701.523170227,847724.3718608684,865737.6824336243,877229.970761769,763721.3959042926,886467.728053162
2025-04-17 13:30:00+00:00,795981.9449231568,815117.7124731849,832560.28518631,843282.5277377252,734451.5194165106,872476.5972927583
2025-04-17 14:30:00+00:00,795215.2750012815,814316.2795383804,831758.379424591,842296.9006345102,733744.0593820362,874758.4534421655
2025-04-17 15:30:00+00:00,801842.7280042113,821890.4413559127,838690.4274897766,849828.0275245698,739859.6744546375,878788.9499961638
2025-04-17 16:30:00+00:00,798644.624366516,819191.7125211942,835345.3403010559,846988.383625489,736908.5602329622,876513.814686886
2025-04-17 17:30:00+00:00,809139.4461438598,830311.9476573083,846322.4998469544,858176.0145996159,746592.867344218,879687.0113480076
2025-04-17 18:30:00+00:00,801684.2941663207,822141.1431614793,838524.7120967102,849894.8131356786,739713.47645571,876042.832175996
2025-04-17 19:30:00+00:00,803228.7521741332,824382.1353412641,840140.1527705383,852376.2737055104,741138.6560333549,874801.3969920836
2025-04-21 13:30:00+00:00,759074.7159192504,779239.186862866,793956.8148493958,805733.7437306411,700394.634232345,858185.0362502042
2025-04-21 14:30:00+00:00,759510.3183362426,780591.7297519367,794412.437377472,806636.0849700994,700796.5950920964,852496.0632897151
2025-04-21 15:30:00+00:00,758797.5473401487,780282.6284979443,793666.9077143859,805963.7267151544,700138.8713715211,850942.6763834304
2025-04-21 16:30:00+00:00,755380.8267590941,777551.161358214,790093.1560359192,803176.9198669835,696986.023984278,848502.6622818859
2025-04-21 17:30:00+00:00,757134.2941663207,779290.2430300439,791927.2120967102,804572.9879664507,698604.0711737804,847852.2246111754
2025-04-21 18:30:00+00:00,757213.511085266,779128.4799068177,792010.0697932434,804132.1211636873,698677.1701732441,848274.0664338463
2025-04-21 19:30:00+00:00,766717.5473401487,789672.983517456,801950.9077143859,814594.583265199,707447.2100883086,852708.5989483544
2025-04-22 13:30:00+00:00,784368.8412854613,807391.7997213742,820413.4479975891,833209.4737766962,723735.2953082486,868219.7742653096
2025-04-22 14:30:00+00:00,783309.8965833129,806398.6158058901,819305.8346247864,832811.8017156315,722758.132863091,870705.6122768278
2025-04-22 15:30:00+00:00,789289.5352551879,812634.2442252826,825560.2950740051,839323.6688030057,728275.9642795131,876688.5565302519
2025-04-22 16:30:00+00:00,777053.149757141,800816.358019732,812761.5302424622,826942.3852554371,716984.5943440443,867508.7617497961
2025-04-22 17:30:00+00:00,780062.7280042113,804670.0363240901,815909.4274897766,830283.4716353423,719761.7429834718,872564.2300653553
2025-04-22 18:30:00+00:00,773885.13767218,798722.1643997751,809447.9176020812,824197.9379176786,714061.2477056894,872621.2262809987
2025-04-22 19:30:00+00:00,783191.1014172971,809068.5102001441,819181.5796809386,834620.6380120079,722648.512242995,875528.6442642736
2025-04-23 13:30:00+00:00,825206.7038342896,852948.0645958217,863128.202209015,880480.564615324,761419.2513658808,899281.2279690643
2025-04-23 14:30:00+00:00,816906.5713880004,845167.0188533575,854446.5990290833,871741.1460637009,753760.1378164263,891000.5419441086
2025-04-23 15:30:00+00:00,818672.7280042113,846619.2037945222,856293.9274897766,873462.4189639203,755389.8942278108,886732.2847600761
2025-04-23 16:30:00+00:00,823424.7159192504,852444.8502055217,861264.3148493958,879169.1101591317,759774.8863062434,889219.8684443551
2025-04-23 17:30:00+00:00,821484.2941663207,851124.9893544494,859234.7120967102,877844.7963395466,757984.3232476787,885553.1700937278
2025-04-23 18:30:00+00:00,811227.908668274,840851.6028920597,848506.9472651674,866893.5378583561,748520.0379914069,883359.9941205741
2025-04-23 19:30:00+00:00,812138.7521741332,842568.3249780912,849459.6527705383,867963.0171456181,749360.5370897409,884566.8649838206
2025-04-24 13:30:00+00:00,834581.6122815552,865618.1307014022,872933.9776606752,891922.2426980268,770070.1360087456,889724.4551558925
2025-04-24 14:30:00+00:00,834393.9328381957,865551.812408872,872737.672545929,892455.0049663971,769896.95104129,889911.5039922226
2025-04-24 15:30:00+00:00,837592.821998352,868645.9646246465,876083.5813594055,895410.25113176,772848.7901195579,893176.4357569295
2025-04-24 16:30:00+00:00,841917.908668274,873352.8836012008,880607.4472651674,900344.1030979952,776839.8505189584,893501.3054577324
2025-04-24 17:30:00+00:00,842232.3593518676,873977.494513486,880936.3499751282,900909.4749146122,777130.0161888356,893863.0961374284
2025-04-24 18:30:00+00:00,837403.511085266,868891.565636778,875885.5697932434,895494.2017285437,772674.0996807173,893893.296276192
2025-04-24 19:30:00+00:00,842591.1014172971,874668.2962882202,881311.5796809386,901073.2232638306,777461.0526189011,895769.8072105187
2025-04-25 13:30:00+00:00,851786.2460706176,884322.7483402794,890929.3294673157,911221.9022449584,785946.0566184369,888684.5578922258
2025-04-25 14:30:00+00:00,860648.7521741332,893444.6870065953,900199.1527705383,920539.1573941956,794124.1117300643,890654.2004683466
2025-04-25 15:30:00+00:00,867103.511085266,900526.9254259687,906950.5697932434,928170.3201426086,800080.3698686705,893926.376775011
2025-04-25 16:30:00+00:00,886071.9449231568,921099.6865880566,926790.78518631,948853.5706634447,817583.8723199683,896699.988941163
2025-04-25 17:30:00+00:00,877874.7159192504,913237.2059749402,918216.8148493958,940824.3728165828,810019.7149841574,895037.4974873223
2025-04-25 18:30:00+00:00,877082.7280042113,913020.8902075478,917388.4274897766,940486.6368890866,809288.8922641185,895447.1196006669
2025-04-25 19:30:00+00:00,878864.7159192504,914973.2942034688,919252.3148493958,942526.1535416069,810933.2573237559,896016.6453389097
2025-04-28 13:30:00+00:00,859581.1063001098,895848.3787813543,899082.4383235169,922127.169529396,793138.9201041876,900203.6414559225
2025-04-28 14:30:00+00:00,844333.511085266,880675.9402007426,883134.0697932434,906628.0298511497,779068.8960579064,895444.8502260777
2025-04-28 15:30:00+00:00,843944.677467102,879950.7153844176,882727.365539093,905601.4461755797,778710.0920445204,892839.5209140761
2025-04-28 16:30:00+00:00,841799.1135022582,878191.9002949811,880483.1923213196,903526.1432767927,776730.2298988624,891439.1422252841
2025-04-28 17:30:00+00:00,849877.5473401487,886622.6290331846,888932.9077143859,912558.8036557137,784184.7666145773,895812.6634767988
2025-04-28 18:30:00+00:00,856926.3425061643,894001.0283384385,896305.6626582335,920849.0366930781,790689.1836118621,898554.1552641504
2025-04-28 19:30:00+00:00,860490.3183362426,897963.3802215444,900033.437377472,925075.6611757776,793977.9137311368,898873.7006630327
2025-04-29 13:30:00+00:00,859619.1135022582,896732.1695022173,899122.1923213196,924102.8263817168,793173.9920116343,899126.1249442585
2025-04-29 14:30:00+00:00,861835.1327893676,899560.61317235,901440.0589595032,927191.9969813222,795218.8682178374,904480.3651528455
2025-04-29 15:30:00+00:00,862351.523170227,900369.5701097606,901980.1824336243,927960.7682458694,795695.3777902379,905172.175267989
2025-04-29 16:30:00+00:00,861242.7280042113,899949.9290238754,900820.4274897766,926939.5937863316,794672.2148305436,904188.3140999472
2025-04-29 17:30:00+00:00,871103.935279602,909896.5996494679,911134.851867218,937053.605656782,803771.8414624885,906605.5471719621
2025-04-29 18:30:00+00:00,866509.5352551879,905376.9458994027,906329.2950740051,932317.9530779525,799532.2667681911,906866.5252497164
2025-04-29 19:30:00+00:00,862707.908668274,902227.6023487026,902352.9472651674,928327.0357365186,796024.2396505255,905401.643952409
2025-04-30 13:30:00+00:00,839462.7280042113,877663.5603140134,878039.4274897766,903303.7474065954,774574.283359378,895188.847315692
2025-04-30 14:30:00+00:00,842551.523170227,880909.0775969211,881270.1824336243,907526.028181295,777424.5309982691,899513.1405953495
2025-04-30 15:30:00+00:00,840017.1255872191,878153.3709172497,878619.3049617005,904551.5444463689,775085.8648392251,898960.5478828874
2025-04-30 16:30:00+00:00,843303.9328381957,881589.5784978161,882057.172545929,908091.0872549016,778118.8320976759,901781.5550644977
2025-04-30 17:30:00+00:00,849045.9207532348,887754.8999055603,888063.0599055481,914350.6208324026,783417.3665157069,902191.6135960326
2025-04-30 18:30:00+00:00,849521.1014172971,888251.739688275,888560.0796809386,914862.3400096486,783855.8489960902,900657.4290901178
2025-04-30 19:30:00+00:00,861559.5352551879,901505.3384586644,901151.7950740051,928596.5616116164,794964.555070199,907366.1367938853
2025-05-01 13:30:00+00:00,897635.13767218,938713.436204206,938885.4176020812,966896.9215697942,828254.0401554939,915966.8046359133
2025-05-01 14:30:00+00:00,905515.4990003052,946964.2600980913,947127.9571528627,976098.5984468141,835525.80149345,917577.4496087554
2025-05-01 15:30:00+00:00,900183.7955090941,941480.9802457432,941551.2107234192,971299.3415294954,830605.8652496055,912592.1573381842
2025-05-01 16:30:00+00:00,899494.7110364379,941686.440640103,940830.4562068176,970834.7601196456,829969.9987432102,914268.8760250263
2025-05-01 17:30:00+00:00,900327.908668274,942623.1097701704,941701.9472651674,972479.8866490703,830738.8485552662,914448.9421703129
2025-05-01 18:30:00+00:00,895021.523170227,937706.1475237549,936151.6824336243,967043.9558010959,825842.2749969863,914977.8810168648
2025-05-01 19:30:00+00:00,883379.1135022582,925794.2391057122,923974.1923213196,955377.5105544166,815099.0081619967,910385.8015356858
2025-05-02 13:30:00+00:00,902189.1135022582,945506.7391057122,943648.6923213196,975721.7605544166,832456.312614367,921810.618770294
2025-05-02 14:30:00+00:00,908090.3207776487,952553.3778273845,949821.1166987609,982208.8039713202,837901.7698879181,918117.9971791675
2025-05-02 15:30:00+00:00,908841.9449231568,953704.8350269748,950607.28518631,983034.3505881423,838595.3461307323,923768.6526225547
2025-05-02 16:30:00+00:00,905828.378638977,951072.0715047546,947455.2166133118,979899.3135683648,835814.5174501418,922888.7462674243
2025-05-02 17:30:00+00:00,909277.5473401487,954845.8791406858,951062.9077143859,983849.676760552,838997.3069904834,923465.9529658151
2025-05-02 18:30:00+00:00,906663.9328381957,952587.758537413,948329.172545929,981143.9717294681,836585.5418319758,924047.7856970223
2025-05-02 19:30:00+00:00,906030.3183362426,951425.5709088824,947666.437377472,980328.9229064011,836000.8613526649,923062.7898416858
2025-05-05 13:30:00+00:00,896961.9449231568,942294.3695351596,938181.28518631,970575.9549093479,827632.838055551,922228.8819638051
2025-05-05 14:30:00+00:00,902307.1231458129,948777.5196161822,943772.1256404114,976959.1562846025,832565.2083778701,923812.7308597674
2025-05-05 15:30:00+00:00,901238.7521741332,948126.5237769036,942654.6527705383,976664.640607316,831579.3476536002,925556.745231542
2025-05-05 16:30:00+00:00,903971.1014172971,951631.2570090881,945512.5796809386,980058.2330147497,834100.6776740042,923916.4238217648
2025-05-05 17:30:00+00:00,905879.8605725707,953778.9422966384,947509.0646357727,982343.5156143104,835862.0234360633,925583.2794575078
2025-05-05 18:30:00+00:00,905903.6075208129,954156.006199202,947533.9029841614,982468.0681380382,835883.9364084426,922794.654505612
2025-05-05 19:30:00+00:00,901436.7038342896,949881.22229387,942861.702209015,978605.7378374358,831762.0115149604,921209.1472205267
2025-05-06 13:30:00+00:00,892289.1135022582,940106.2440803329,933293.6923213196,968274.5917874922,823320.8892183827,917180.5709065654
2025-05-06 14:30:00+00:00,895575.9207532348,944588.4435715793,936731.5599055481,971885.4201713694,826353.8564768333,917742.5902519363
2025-05-06 15:30:00+00:00,895163.279762024,944168.1857768281,936299.9541011049,971875.9053785196,825973.0837328688,916125.0498716886
2025-05-06 16:30:00+00:00,894387.908668274,943500.0658868557,935488.9472651674,971348.3881476371,825257.5945176755,914027.9731840224
2025-05-06 17:30:00+00:00,900407.1255872191,950333.8027314707,941784.8049617005,977981.001608816,830811.9475547298,914339.7503391188
2025-05-06 18:30:00+00:00,904763.149757141,955678.4541270309,946341.0302424622,983666.8056207449,834831.5561522426,914351.795481169
2025-05-06 19:30:00+00:00,898545.9207532348,949381.5294088133,939838.0599055481,977195.5610466985,829094.4834956287,912147.4472023455
2025-05-07 13:30:00+00:00,898825.506324524,950340.4087214795,940130.4951167299,978342.9932817429,829352.4766844301,917505.7024582826
2025-05-07 14:30:00+00:00,897357.908668274,949294.8091053579,938595.4472651674,977008.7735905914,827998.2215364708,916857.7087294374
2025-05-07 15:30:00+00:00,900406.3400647582,953505.8005398297,941783.9833369446,980923.1892215714,830811.222698137,917222.2052019128
2025-05-07 16:30:00+00:00,902505.9207532348,955293.7576616305,943980.0599055481,982651.6886139753,832748.6528540225,920408.7562596552
2025-05-07 17:30:00+00:00,895022.3086926879,948199.6128788788,936152.5040583801,975429.8880929468,825842.999853579,915095.6266445874
2025-05-07 18:30:00+00:00,896882.7280042113,950312.8184391405,938098.4274897766,977574.9666979854,827559.7390560872,915064.8155203576
2025-05-07 19:30:00+00:00,926859.8965833129,982489.7602824105,969453.3346247864,1010409.3670688282,855221.7721048642,918354.0994200787
2025-05-08 13:30:00+00:00,928602.3062512815,985299.5935360427,971275.824737091,1012837.8169878351,856829.6155438692,923600.8934702325
2025-05-08 14:30:00+00:00,928760.7400891724,985599.4756063924,971441.5401301576,1013023.9128821976,856975.8135427969,927068.3232752032
2025-05-08 15:30:00+00:00,935016.7013928832,992502.2996811252,977985.0228877258,1019981.2705265111,862748.6272052507,931128.758117051
2025-05-08 16:30:00+00:00,933868.3279797971,991793.6586219824,976783.8706965636,1018999.4765353143,861688.9426249241,931536.983692187
2025-05-08 17:30:00+00:00,934423.511085266,993242.8108196795,977364.5697932434,1020193.0399491302,862201.2489613642,929470.8054123885
2025-05-08 18:30:00+00:00,938902.2580335082,998105.4294400818,982049.1581416321,1025654.1951067266,866334.1024619364,931004.5535001131
2025-05-08 19:30:00+00:00,929631.9449231568,989256.3184176947,972352.78518631,1015899.5623265743,857779.7352622994,924479.6651380684
2025-05-09 13:30:00+00:00,919823.7906262815,979369.6937929958,962093.852080841,1005734.0997168145,848729.0643294612,923127.2051665629
2025-05-09 14:30:00+00:00,921771.3425061643,981730.8959438598,964130.9126582335,1008173.917538614,850526.2068555597,922416.8036365156
2025-05-09 15:30:00+00:00,921038.7521741332,981729.1722619022,963364.6527705383,1008378.735746188,849850.1944455688,920856.6958901016
2025-05-09 16:30:00+00:00,922187.1255872191,983413.8908866006,964565.8049617005,1010279.3948363918,850909.8790258953,921326.1945791449
2025-05-09 17:30:00+00:00,923375.13767218,985095.8792705243,965808.4176020812,1011727.5313434018,852006.1409850533,921510.9740408859
2025-05-09 18:30:00+00:00,924525.0821301879,987325.8836219456,967011.2130427551,1013404.098543562,853067.2752785651,922454.5974517892
2025-05-09 19:30:00+00:00,923697.4435803832,987018.4369120148,966145.5365596008,1013508.9277143296,852303.5552208576,921495.7866878661
2025-05-12 13:30:00+00:00,957272.7280042113,1023429.456088898,1001263.9274897766,1051048.84737761,883285.8217715919,942516.4798054901
2025-05-12 14:30:00+00:00,963540.5929944457,1031106.0578761627,1007819.8610224915,1058386.0572916635,889069.6197993351,942749.9635372603
2025-05-12 15:30:00+00:00,969242.2171399535,1038206.7728394767,1013783.5295100403,1064819.8785952546,894330.9077401414,942322.9719799446
2025-05-12 16:30:00+00:00,971540.595435852,1040746.8158581463,1016187.5403437805,1067950.5374001844,896451.7823721791,945257.0114728232
2025-05-12 17:30:00+00:00,972122.7280042113,1042149.9824918628,1016796.4274897766,1069125.9876954488,896988.9568655684,946570.2810908465
2025-05-12 18:30:00+00:00,970934.7159192504,1040940.1503199348,1015553.8148493958,1068754.4839264113,895892.6949064104,945991.0668687806
2025-05-12 19:30:00+00:00,974142.3062512815,1045018.714866943,1018908.824737091,1072812.5501112505,898852.5631653973,947712.9111964919
2025-05-13 13:30:00+00:00,1023444.2941663207,1098810.2531096241,1070476.7120967102,1127993.7995529447,944346.9605257596,944798.3359548973
2025-05-13 14:30:00+00:00,1028315.1376721801,1104899.298588337,1075571.4176020813,1134049.4801307363,948841.6289824876,944405.2977327814
2025-05-13 15:30:00+00:00,1033304.7763440551,1110675.9877202685,1080790.3780513,1140584.1414210089,953445.9180593113,943252.1063069324
2025-05-13 16:30:00+00:00,1036274.7763440551,1114499.1405062906,1083896.8780513,1144788.9677563992,956186.5450781066,944699.9672948208
2025-05-13 17:30:00+00:00,1033185.9811780395,1111594.543060205,1080666.1231074524,1142394.1425721708,953336.2974392155,943423.0076702243
2025-05-13 18:30:00+00:00,1031364.2941663207,1110286.5380205668,1078760.7120967102,1141162.6945348196,951655.2992425471,943887.7930428132
2025-05-13 19:30:00+00:00,1028394.2941663207,1106649.9282032882,1075654.2120967102,1137346.5006395006,948914.6722237518,941424.0377917205
2025-05-14 13:30:00+00:00,1050728.7521741332,1130900.2955339495,1099015.1527705383,1162762.1500722214,969524.240932964,943331.185283001
2025-05-14 14:30:00+00:00,1062569.1135022582,1144612.3514569274,1111399.6923213196,1177045.450092729,980450.1716293136,941828.2483195063
2025-05-14 15:30:00+00:00,1069023.9328381957,1151583.0691347043,1118151.172545929,1185133.044660902,986406.4855261192,940445.3263583232
2025-05-14 16:30:00+00:00,1064984.776344055,1147402.3195148592,1113926.3780513,1181518.6836274818,982679.2729264613,938254.5070433968
2025-05-14 17:30:00+00:00,1065776.7038342895,1148751.1435451368,1114754.702209015,1182564.7104055095,983410.0398883007,938817.3119415102
2025-05-14 18:30:00+00:00,1068390.3183362426,1151680.3686636477,1117488.437377472,1185928.4195676066,985821.8050468084,939571.8789924082
2025-05-14 19:30:00+00:00,1072010.6100842895,1156705.5905921804,1121275.116271515,1190943.3441256525,989162.5018079596,939479.1837688044
2025-05-15 13:30:00+00:00,1055559.9570081176,1139213.1789897976,1104068.3978266907,1172882.0573132257,973982.3320108603,936689.6859805282
2025-05-15 14:30:00+00:00,1064390.6796643676,1148935.7394526796,1113304.9769282532,1183655.0208574617,982131.0583095831,941383.8000345818
2025-05-15 15:30:00+00:00,1070976.983375305,1156754.4009007732,1120193.9844966126,1192122.6004127671,988208.7020483667,942241.885480201
2025-05-15 16:30:00+00:00,1078923.9328381957,1166349.0083296308,1128506.172545929,1201448.8147406923,995541.9089221037,943934.053370977
2025-05-15 17:30:00+00:00,1072112.7280042113,1159283.9115643147,1121381.9274897766,1194977.1191503003,989256.7331650105,943653.1746237486
2025-05-15 18:30:00+00:00,1059242.7280042113,1145908.1671596887,1107920.4274897766,1180801.1626493502,977380.6827502308,944822.6880899118
2025-05-15 19:30:00+00:00,1068469.4748303832,1156494.0920401837,1117571.2318721008,1191584.5937507653,985894.8482880727,945846.6997314544
2025-05-16 13:30:00+00:00,1072627.5473401488,1162180.0807373177,1121920.407714386,1196338.5285873641,989731.7930242255,946601.5286332666
2025-05-16 14:30:00+00:00,1068192.3666760863,1158253.0396807494,1117281.3879389954,1192551.1010299374,985639.1411854483,946231.7078588704
2025-05-16 15:30:00+00:00,1067637.9086682738,1157942.7595848066,1116701.4472651673,1192603.5740419736,985127.5039474017,948153.6062849805
2025-05-16 16:30:00+00:00,1075770.1205823363,1167249.1275897813,1125207.4123530579,1202342.1115649848,992631.6654606168,950608.5458886308
2025-05-16 17:30:00+00:00,1069538.7521741332,1161672.1205335397,1118689.6527705383,1195803.1190578819,986881.5453853343,951700.5514842103
2025-05-16 18:30:00+00:00,1069897.5546643676,1162061.8199048776,1119064.9456782532,1196204.2801754356,987212.6375735993,952563.52481356
2025-05-16 19:30:00+00:00,1071795.9811780395,1165033.6256637517,1121050.6231074524,1198940.8042550436,988964.4486835544,953089.3214491423
2025-05-19 13:30:00+00:00,1071518.7521741332,1165304.741327946,1120760.6527705383,1198680.526070944,988708.6300645311,951964.497205658
2025-05-19 14:30:00+00:00,1068667.5473401488,1161636.0084962556,1117778.407714386,1195160.0447721418,986077.6236658318,950935.2485458328
2025-05-19 15:30:00+00:00,1071043.5715100707,1164819.3100940862,1120263.6329951477,1198982.2921885059,988270.1475841478,954877.7631926818
2025-05-19 16:30:00+00:00,1071439.4748303832,1166386.0805405634,1120677.7318721008,1200121.5504475273,988635.475306868,956598.7346840127
2025-05-19 17:30:00+00:00,1069934.776344055,1165152.7837511855,1119103.8780513,1199307.6136416243,987246.9846244535,954596.6225945393
2025-05-19 18:30:00+00:00,1070211.884498352,1165454.5587298232,1119393.7219844055,1199618.240686302,987502.6917270778,954314.8710109305
2025-05-19 19:30:00+00:00,1073142.3666760863,1169048.010490493,1122458.8879389954,1203109.7440178052,990206.8528834404,956207.9658364858
2025-05-20 13:30:00+00:00,1053025.499000305,1147489.6536270657,1101417.4571528626,1181386.8223521549,971643.6100936169,954030.8500527324
2025-05-20 14:30:00+00:00,1059559.4748303832,1153818.8372732254,1108251.7318721008,1187956.863200392,977672.9672316868,954697.6097637573
2025-05-20 15:30:00+00:00,1062011.513404602,1156431.8791105268,1110816.465148468,1190496.2625221477,979935.6349648962,952990.3418035994
2025-05-20 16:30:00+00:00,1062173.0893323363,1157384.1429392525,1110985.4670405579,1191515.7753647882,980084.7323901945,953986.6845318817
2025-05-20 17:30:00+00:00,1056985.499000305,1152250.6153541335,1105559.4571528626,1186832.6041675212,975297.7794520106,950407.2698192993
2025-05-20 18:30:00+00:00,1059876.3425061645,1156009.7828462431,1108583.1626582337,1190944.9256464546,977965.3632295417,951591.2723693781
2025-05-20 19:30:00+00:00,1064351.161842102,1161935.8492510063,1113263.642882843,1197103.7333429032,982094.5924471504,953655.0939909492
2025-05-21 13:30:00+00:00,1062014.776344055,1160159.6621211458,1110819.8780513,1194894.450140702,979938.645907666,945409.2341375735
2025-05-21 14:30:00+00:00,1076197.8073499145,1176450.0656921547,1125654.7554316712,1211745.122109234,993026.3219962417,946319.5151987436
2025-05-21 15:30:00+00:00,1085774.776344055,1187447.9705961877,1135671.8780513,1222596.030765708,1001863.6620580284,945962.0014173117
2025-05-21 16:30:00+00:00,1055124.2941663207,1154168.927793477,1103612.7120967102,1189062.4010452388,973580.3153929096,935797.0362142433
2025-05-21 17:30:00+00:00,1052193.9328381957,1152740.4184083191,1100547.672545929,1187413.4751067748,970876.2657529459,937882.8533126017
2025-05-21 18:30:00+00:00,1038204.8654553832,1138025.568381714,1085915.6732783508,1172244.7810411672,957967.5734845673,934236.9284678291
2025-05-21 19:30:00+00:00,1043363.0893323363,1143678.0376289974,1091310.9670405579,1178021.2130249687,962727.4279378243,935272.5488332317
2025-05-22 13:30:00+00:00,1053738.2699963988,1156230.2333072922,1102162.9868159485,1190566.6018631202,972301.333814192,933386.0002805296
2025-05-22 14:30:00+00:00,1052471.161842102,1155851.8147124487,1100837.642882843,1190255.0658238744,971132.0843719692,934429.5634569941
2025-05-22 15:30:00+00:00,1056549.9570081176,1161195.0235043592,1105103.8978266907,1195553.8951931996,974895.8743504587,936701.5565553023
2025-05-22 16:30:00+00:00,1057468.6557385863,1163953.1089977287,1106064.8195796204,1197543.4779891646,975743.6220147199,937739.6208625701
2025-05-22 17:30:00+00:00,1056074.776344055,1162477.545976671,1104606.8780513,1197128.4610057895,974457.3918700754,939419.7436112959
2025-05-22 18:30:00+00:00,1060697.636451477,1168134.6127059783,1109442.2029414368,1202791.157486347,978723.2286763082,940385.0133644342
2025-05-22 19:30:00+00:00,1051757.5448987426,1159616.4120105729,1100091.228393097,1193586.802366739,970473.5800366019,935101.2110517495
2025-05-23 13:30:00+00:00,1033859.1135022582,1139322.569739555,1081370.1923213196,1172854.9791721187,953957.443780959,928317.6139865397
2025-05-23 14:30:00+00:00,1037423.0893323363,1144046.4254194356,1085097.9670405579,1177500.6415817807,957246.1739002336,929259.4044410439
2025-05-23 15:30:00+00:00,1037660.6796643676,1144912.214467718,1085346.4769282532,1178862.5316603223,957465.4151404253,929463.4735867928
2025-05-23 16:30:00+00:00,1045105.4990003051,1153349.9194103184,1093133.4571528626,1187807.5158348118,964335.2713768294,932690.8733871402
2025-05-23 17:30:00+00:00,1046570.6796643676,1155929.7371970569,1094665.9769282532,1190603.4960209252,965687.2961968113,932243.5447421602
2025-05-23 18:30:00+00:00,1042522.821998352,1151573.9416727175,1090432.0813594055,1186600.0903210219,961952.0544164341,930683.0005775559
2025-05-23 19:30:00+00:00,1040036.7038342895,1149976.3740188014,1087831.702209015,1183865.8229489888,959657.9390587413,929826.0498192313
2025-05-27 13:30:00+00:00,1071572.530250305,1185724.4458959617,1120816.9024653626,1220748.2747893257,988758.2548620313,940191.5055388887
2025-05-27 14:30:00+00:00,1070924.776344055,1185251.7129731965,1120139.3780513,1220104.0818013384,988160.5269640519,942292.335422991
2025-05-27 15:30:00+00:00,1071336.5109631957,1185718.5460078602,1120570.035827179,1222030.9193975031,988540.463335025,943535.8654142163
2025-05-27 16:30:00+00:00,1074013.5715100707,1188788.7714189345,1123370.1329951477,1225752.1783706308,991010.7746029431,944157.4994843719
2025-05-27 17:30:00+00:00,1071254.2123792113,1187396.0213287864,1120483.9548335266,1223491.692027146,988464.52066739,945427.3018506488
2025-05-27 18:30:00+00:00,1070370.3183362426,1186615.8663205628,1119559.437377472,1222533.422194068,987648.8897260053,945094.8384733358
2025-05-27 19:30:00+00:00,1073142.3666760863,1190470.2542211006,1122458.8879389954,1226213.3263086623,990206.8528834404,946214.3384148994
